Algorithm,Function,Mean,Std,Convergence
SaDE,F1,300,0,1:19587.432;100:301.686;200:300.0;300:300.0;400:300.0;500:300.0;600:300.0;700:300.0;800:300.0;900:300.0;1000:300.0;1100:300.0;1200:300.0;1300:300.0;1400:300.0;1500:300.0;1600:300.0;1700:300.0;1800:300.0;1900:300.0;2000:300.0
SaDE,F2,402.675,4.086,1:10266.835;100:415.465;200:402.763;300:402.691;400:402.675;500:402.675;600:402.675;700:402.675;800:402.675;900:402.675;1000:402.675;1100:402.675;1200:402.675;1300:402.675;1400:402.675;1500:402.675;1600:402.675;1700:402.675;1800:402.675;1900:402.675;2000:402.675
SaDE,F3,600,0,1:601.052;100:600.0;200:600.0;300:600.0;400:600.0;500:600.0;600:600.0;700:600.0;800:600.0;900:600.0;1000:600.0;1100:600.0;1200:600.0;1300:600.0;1400:600.0;1500:600.0;1600:600.0;1700:600.0;1800:600.0;1900:600.0;2000:600.0
SaDE,F4,856.8,5.879,1:1017.846;100:856.869;200:856.8;300:856.8;400:856.8;500:856.8;600:856.8;700:856.8;800:856.8;900:856.8;1000:856.8;1100:856.8;1200:856.8;1300:856.8;1400:856.8;1500:856.8;1600:856.8;1700:856.8;1800:856.8;1900:856.8;2000:856.8
SaDE,F5,900.99,0.481,1:907.969;100:901.002;200:900.99;300:900.99;400:900.99;500:900.99;600:900.99;700:900.99;800:900.99;900:900.99;1000:900.99;1100:900.99;1200:900.99;1300:900.99;1400:900.99;1500:900.99;1600:900.99;1700:900.99;1800:900.99;1900:900.99;2000:900.99
SaDE,F6,1800.228,0.127,1:9023379534.623;100:12450.854;200:2584.557;300:1843.201;400:1806.568;500:1803.455;600:1801.907;700:1800.928;800:1800.63;900:1800.446;1000:1800.37;1100:1800.314;1200:1800.294;1300:1800.28;1400:1800.276;1500:1800.262;1600:1800.252;1700:1800.243;1800:1800.239;1900:1800.233;2000:1800.228
SaDE,F7,2004.717,5.707,1:7491.379;100:2033.389;200:2026.219;300:2022.947;400:2021.953;500:2021.664;600:2021.399;700:2020.969;800:2019.603;900:2018.032;1000:2017.21;1100:2015.859;1200:2014.865;1300:2013.851;1400:2012.272;1500:2010.229;1600:2007.399;1700:2006.786;1800:2005.784;1900:2005.169;2000:2004.717
SaDE,F8,2205.211,7.415,1:1.154727548844375e+17;100:2228.241;200:2224.171;300:2220.133;400:2215.808;500:2213.358;600:2212.113;700:2210.914;800:2209.802;900:2208.847;1000:2207.85;1100:2207.149;1200:2206.771;1300:2206.461;1400:2206.265;1500:2205.954;1600:2205.859;1700:2205.702;1800:2205.471;1900:2205.311;2000:2205.211
SaDE,F9,2443.638,175.92,1:8332.067;100:2485.258;200:2445.924;300:2443.85;400:2443.638;500:2443.638;600:2443.638;700:2443.638;800:2443.638;900:2443.638;1000:2443.638;1100:2443.638;1200:2443.638;1300:2443.638;1400:2443.638;1500:2443.638;1600:2443.638;1700:2443.638;1800:2443.638;1900:2443.638;2000:2443.638
SaDE,F10,3004.988,540.331,1:5592.854;100:3020.367;200:3006.96;300:3005.128;400:3004.989;500:3004.988;600:3004.988;700:3004.988;800:3004.988;900:3004.988;1000:3004.988;1100:3004.988;1200:3004.988;1300:3004.988;1400:3004.988;1500:3004.988;1600:3004.988;1700:3004.988;1800:3004.988;1900:3004.988;2000:3004.988
SaDE,F11,2600,0,1:6091.248;100:2600.318;200:2600.0;300:2600.0;400:2600.0;500:2600.0;600:2600.0;700:2600.0;800:2600.0;900:2600.0;1000:2600.0;1100:2600.0;1200:2600.0;1300:2600.0;1400:2600.0;1500:2600.0;1600:2600.0;1700:2600.0;1800:2600.0;1900:2600.0;2000:2600.0
SaDE,F12,2866.113,1.094,1:5204.052;100:2871.708;200:2866.254;300:2866.116;400:2866.113;500:2866.113;600:2866.113;700:2866.113;800:2866.113;900:2866.113;1000:2866.113;1100:2866.113;1200:2866.113;1300:2866.113;1400:2866.113;1500:2866.113;1600:2866.113;1700:2866.113;1800:2866.113;1900:2866.113;2000:2866.113
SHADE,F1,300,0,1:18386.027;100:301.144;200:300.0;300:300.0;400:300.0;500:300.0;600:300.0;700:300.0;800:300.0;900:300.0;1000:300.0;1100:300.0;1200:300.0;1300:300.0;1400:300.0;1500:300.0;1600:300.0;1700:300.0;1800:300.0;1900:300.0;2000:300.0
SHADE,F2,409.753,20.73,1:10403.381;100:415.305;200:409.777;300:409.753;400:409.753;500:409.753;600:409.753;700:409.753;800:409.753;900:409.753;1000:409.753;1100:409.753;1200:409.753;1300:409.753;1400:409.753;1500:409.753;1600:409.753;1700:409.753;1800:409.753;1900:409.753;2000:409.753
SHADE,F3,600,0,1:601.061;100:600.0;200:600.0;300:600.0;400:600.0;500:600.0;600:600.0;700:600.0;800:600.0;900:600.0;1000:600.0;1100:600.0;1200:600.0;1300:600.0;1400:600.0;1500:600.0;1600:600.0;1700:600.0;1800:600.0;1900:600.0;2000:600.0
SHADE,F4,856,4.899,1:1018.087;100:856.0;200:856.0;300:856.0;400:856.0;500:856.0;600:856.0;700:856.0;800:856.0;900:856.0;1000:856.0;1100:856.0;1200:856.0;1300:856.0;1400:856.0;1500:856.0;1600:856.0;1700:856.0;1800:856.0;1900:856.0;2000:856.0
SHADE,F5,900.834,0.453,1:908.046;100:900.835;200:900.834;300:900.834;400:900.834;500:900.834;600:900.834;700:900.834;800:900.834;900:900.834;1000:900.834;1100:900.834;1200:900.834;1300:900.834;1400:900.834;1500:900.834;1600:900.834;1700:900.834;1800:900.834;1900:900.834;2000:900.834
SHADE,F6,1800.387,0.092,1:8919719096.259;100:11397.935;200:1886.914;300:1805.625;400:1801.663;500:1800.638;600:1800.484;700:1800.444;800:1800.433;900:1800.423;1000:1800.413;1100:1800.406;1200:1800.4;1300:1800.397;1400:1800.396;1500:1800.393;1600:1800.391;1700:1800.389;1800:1800.387;1900:1800.387;2000:1800.387
SHADE,F7,2020.495,0.188,1:7497.785;100:2039.492;200:2025.562;300:2023.882;400:2022.847;500:2021.866;600:2021.473;700:2021.346;800:2021.234;900:2021.015;1000:2020.93;1100:2020.901;1200:2020.854;1300:2020.781;1400:2020.667;1500:2020.635;1600:2020.581;1700:2020.544;1800:2020.5;1900:2020.499;2000:2020.495
SHADE,F8,2214.798,8.656,1:1.2943395380646954e+17;100:2226.895;200:2221.446;300:2220.362;400:2218.716;500:2217.769;600:2217.089;700:2216.668;800:2216.491;900:2216.327;1000:2215.975;1100:2215.831;1200:2215.714;1300:2215.553;1400:2215.4;1500:2215.241;1600:2215.224;1700:2215.199;1800:2215.117;1900:2215.105;2000:2214.798
SHADE,F9,2560.017,172.095,1:8408.448;100:2567.629;200:2562.234;300:2560.137;400:2560.018;500:2560.017;600:2560.017;700:2560.017;800:2560.017;900:2560.017;1000:2560.017;1100:2560.017;1200:2560.017;1300:2560.017;1400:2560.017;1500:2560.017;1600:2560.017;1700:2560.017;1800:2560.017;1900:2560.017;2000:2560.017
SHADE,F10,3252.068,609.83,1:5556.152;100:3253.186;200:3252.068;300:3252.068;400:3252.068;500:3252.068;600:3252.068;700:3252.068;800:3252.068;900:3252.068;1000:3252.068;1100:3252.068;1200:3252.068;1300:3252.068;1400:3252.068;1500:3252.068;1600:3252.068;1700:3252.068;1800:3252.068;1900:3252.068;2000:3252.068
SHADE,F11,2600,0,1:6116.16;100:2600.57;200:2600.0;300:2600.0;400:2600.0;500:2600.0;600:2600.0;700:2600.0;800:2600.0;900:2600.0;1000:2600.0;1100:2600.0;1200:2600.0;1300:2600.0;1400:2600.0;1500:2600.0;1600:2600.0;1700:2600.0;1800:2600.0;1900:2600.0;2000:2600.0
SHADE,F12,2866.125,1.281,1:5202.599;100:2974.957;200:2866.411;300:2866.137;400:2866.126;500:2866.125;600:2866.125;700:2866.125;800:2866.125;900:2866.125;1000:2866.125;1100:2866.125;1200:2866.125;1300:2866.125;1400:2866.125;1500:2866.125;1600:2866.125;1700:2866.125;1800:2866.125;1900:2866.125;2000:2866.125
ILSHADE,F1,300,0,1:19955.652;100:300.002;200:300.0;300:300.0;400:300.0;500:300.0;600:300.0;700:300.0;800:300.0;900:300.0;1000:300.0;1100:300.0;1200:300.0;1300:300.0;1400:300.0;1500:300.0;1600:300.0;1700:300.0;1800:300.0;1900:300.0;2000:300.0;2100:300.0;2200:300.0;2300:300.0;2400:300.0;2500:300.0;2600:300.0;2700:300.0;2800:300.0;2900:300.0;3000:300.0;3100:300.0;3200:300.0;3300:300.0;3400:300.0;3500:300.0;3600:300.0;3700:300.0;3800:300.0;3900:300.0;4000:300.0;4100:300.0;4200:300.0;4300:300.0;4400:300.0;4500:300.0;4600:300.0;4700:300.0;4800:300.0;4900:300.0;5000:300.0;5100:300.0;5200:300.0;5300:300.0;5400:300.0;5500:300.0;5600:300.0;5700:300.0;5800:300.0;5900:300.0;6000:300.0;6100:300.0;6200:300.0;6300:300.0;6400:300.0;6500:300.0;6600:300.0;6700:300.0
ILSHADE,F2,400.892,2.675,1:10348.871;100:400.906;200:400.892;300:400.892;400:400.892;500:400.892;600:400.892;700:400.892;800:400.892;900:400.892;1000:400.892;1100:400.892;1200:400.892;1300:400.892;1400:400.892;1500:400.892;1600:400.892;1700:400.892;1800:400.892;1900:400.892;2000:400.892;2100:400.892;2200:400.892;2300:400.892;2400:400.892;2500:400.892;2600:400.892;2700:400.892;2800:400.892;2900:400.892;3000:400.892;3100:400.892;3200:400.892;3300:400.892;3400:400.892;3500:400.892;3600:400.892;3700:400.892;3800:400.892;3900:400.892;4000:400.892;4100:400.892;4200:400.892;4300:400.892;4400:400.892;4500:400.892;4600:400.892;4700:400.892;4800:400.892;4900:400.892;5000:400.892;5100:400.892;5200:400.892;5300:400.892;5400:400.892;5500:400.892;5600:400.892;5700:400.892;5800:400.892;5900:400.892;6000:400.892;6100:400.892;6200:400.892;6300:400.892;6400:400.892;6500:400.892;6600:400.892;6700:400.892
ILSHADE,F3,600,0,1:601.065;100:600.0;200:600.0;300:600.0;400:600.0;500:600.0;600:600.0;700:600.0;800:600.0;900:600.0;1000:600.0;1100:600.0;1200:600.0;1300:600.0;1400:600.0;1500:600.0;1600:600.0;1700:600.0;1800:600.0;1900:600.0;2000:600.0;2100:600.0;2200:600.0;2300:600.0;2400:600.0;2500:600.0;2600:600.0;2700:600.0;2800:600.0;2900:600.0;3000:600.0;3100:600.0;3200:600.0;3300:600.0;3400:600.0;3500:600.0;3600:600.0;3700:600.0;3800:600.0;3900:600.0;4000:600.0;4100:600.0;4200:600.0;4300:600.0;4400:600.0;4500:600.0;4600:600.0;4700:600.0;4800:600.0;4900:600.0;5000:600.0;5100:600.0;5200:600.0;5300:600.0;5400:600.0;5500:600.0;5600:600.0;5700:600.0;5800:600.0;5900:600.0;6000:600.0;6100:600.0;6200:600.0;6300:600.0;6400:600.0;6500:600.0;6600:600.0;6700:600.0
ILSHADE,F4,857.6,2.939,1:1031.349;100:857.6;200:857.6;300:857.6;400:857.6;500:857.6;600:857.6;700:857.6;800:857.6;900:857.6;1000:857.6;1100:857.6;1200:857.6;1300:857.6;1400:857.6;1500:857.6;1600:857.6;1700:857.6;1800:857.6;1900:857.6;2000:857.6;2100:857.6;2200:857.6;2300:857.6;2400:857.6;2500:857.6;2600:857.6;2700:857.6;2800:857.6;2900:857.6;3000:857.6;3100:857.6;3200:857.6;3300:857.6;3400:857.6;3500:857.6;3600:857.6;3700:857.6;3800:857.6;3900:857.6;4000:857.6;4100:857.6;4200:857.6;4300:857.6;4400:857.6;4500:857.6;4600:857.6;4700:857.6;4800:857.6;4900:857.6;5000:857.6;5100:857.6;5200:857.6;5300:857.6;5400:857.6;5500:857.6;5600:857.6;5700:857.6;5800:857.6;5900:857.6;6000:857.6;6100:857.6;6200:857.6;6300:857.6;6400:857.6;6500:857.6;6600:857.6;6700:857.6
ILSHADE,F5,900.789,0.363,1:908.249;100:900.789;200:900.789;300:900.789;400:900.789;500:900.789;600:900.789;700:900.789;800:900.789;900:900.789;1000:900.789;1100:900.789;1200:900.789;1300:900.789;1400:900.789;1500:900.789;1600:900.789;1700:900.789;1800:900.789;1900:900.789;2000:900.789;2100:900.789;2200:900.789;2300:900.789;2400:900.789;2500:900.789;2600:900.789;2700:900.789;2800:900.789;2900:900.789;3000:900.789;3100:900.789;3200:900.789;3300:900.789;3400:900.789;3500:900.789;3600:900.789;3700:900.789;3800:900.789;3900:900.789;4000:900.789;4100:900.789;4200:900.789;4300:900.789;4400:900.789;4500:900.789;4600:900.789;4700:900.789;4800:900.789;4900:900.789;5000:900.789;5100:900.789;5200:900.789;5300:900.789;5400:900.789;5500:900.789;5600:900.789;5700:900.789;5800:900.789;5900:900.789;6000:900.789;6100:900.789;6200:900.789;6300:900.789;6400:900.789;6500:900.789;6600:900.789;6700:900.789
ILSHADE,F6,1800.286,0.172,1:9083188196.106;100:1864.627;200:1800.783;300:1800.429;400:1800.373;500:1800.353;600:1800.339;700:1800.334;800:1800.33;900:1800.324;1000:1800.316;1100:1800.315;1200:1800.313;1300:1800.312;1400:1800.311;1500:1800.309;1600:1800.306;1700:1800.305;1800:1800.303;1900:1800.301;2000:1800.299;2100:1800.297;2200:1800.297;2300:1800.296;2400:1800.296;2500:1800.295;2600:1800.294;2700:1800.294;2800:1800.294;2900:1800.293;3000:1800.293;3100:1800.291;3200:1800.291;3300:1800.291;3400:1800.29;3500:1800.29;3600:1800.289;3700:1800.289;3800:1800.289;3900:1800.289;4000:1800.288;4100:1800.288;4200:1800.288;4300:1800.288;4400:1800.288;4500:1800.288;4600:1800.288;4700:1800.288;4800:1800.288;4900:1800.288;5000:1800.287;5100:1800.287;5200:1800.287;5300:1800.287;5400:1800.287;5500:1800.287;5600:1800.287;5700:1800.287;5800:1800.287;5900:1800.287;6000:1800.287;6100:1800.287;6200:1800.287;6300:1800.287;6400:1800.287;6500:1800.286;6600:1800.286;6700:1800.286
ILSHADE,F7,2020.43,0.18,1:7527.373;100:2029.674;200:2026.054;300:2024.831;400:2023.965;500:2023.307;600:2023.135;700:2022.959;800:2022.767;900:2022.634;1000:2022.352;1100:2022.279;1200:2022.129;1300:2022.03;1400:2021.842;1500:2021.728;1600:2021.602;1700:2021.408;1800:2021.326;1900:2021.259;2000:2021.225;2100:2021.095;2200:2021.089;2300:2021.073;2400:2021.024;2500:2021.024;2600:2020.992;2700:2020.965;2800:2020.948;2900:2020.926;3000:2020.892;3100:2020.836;3200:2020.825;3300:2020.825;3400:2020.807;3500:2020.788;3600:2020.769;3700:2020.681;3800:2020.642;3900:2020.631;4000:2020.61;4100:2020.61;4200:2020.607;4300:2020.599;4400:2020.599;4500:2020.599;4600:2020.598;4700:2020.576;4800:2020.558;4900:2020.548;5000:2020.539;5100:2020.532;5200:2020.531;5300:2020.531;5400:2020.531;5500:2020.523;5600:2020.503;5700:2020.502;5800:2020.494;5900:2020.479;6000:2020.467;6100:2020.461;6200:2020.438;6300:2020.436;6400:2020.436;6500:2020.436;6600:2020.432;6700:2020.43
ILSHADE,F8,2203.219,6.152,1:1.2877501979497352e+17;100:2221.186;200:2215.455;300:2210.626;400:2209.243;500:2208.8;600:2207.892;700:2207.569;800:2207.06;900:2206.444;1000:2206.082;1100:2206.062;1200:2205.767;1300:2205.416;1400:2205.294;1500:2205.092;1600:2204.974;1700:2204.818;1800:2204.682;1900:2204.467;2000:2204.347;2100:2204.33;2200:2204.27;2300:2204.27;2400:2204.259;2500:2204.016;2600:2203.93;2700:2203.871;2800:2203.828;2900:2203.753;3000:2203.753;3100:2203.736;3200:2203.689;3300:2203.689;3400:2203.689;3500:2203.675;3600:2203.645;3700:2203.613;3800:2203.613;3900:2203.567;4000:2203.566;4100:2203.566;4200:2203.566;4300:2203.566;4400:2203.565;4500:2203.56;4600:2203.519;4700:2203.489;4800:2203.489;4900:2203.465;5000:2203.452;5100:2203.449;5200:2203.434;5300:2203.408;5400:2203.405;5500:2203.405;5600:2203.381;5700:2203.347;5800:2203.347;5900:2203.332;6000:2203.332;6100:2203.306;6200:2203.29;6300:2203.279;6400:2203.274;6500:2203.253;6600:2203.253;6700:2203.219
ILSHADE,F9,2344.561,133.682,1:8450.472;100:2344.59;200:2344.561;300:2344.561;400:2344.561;500:2344.561;600:2344.561;700:2344.561;800:2344.561;900:2344.561;1000:2344.561;1100:2344.561;1200:2344.561;1300:2344.561;1400:2344.561;1500:2344.561;1600:2344.561;1700:2344.561;1800:2344.561;1900:2344.561;2000:2344.561;2100:2344.561;2200:2344.561;2300:2344.561;2400:2344.561;2500:2344.561;2600:2344.561;2700:2344.561;2800:2344.561;2900:2344.561;3000:2344.561;3100:2344.561;3200:2344.561;3300:2344.561;3400:2344.561;3500:2344.561;3600:2344.561;3700:2344.561;3800:2344.561;3900:2344.561;4000:2344.561;4100:2344.561;4200:2344.561;4300:2344.561;4400:2344.561;4500:2344.561;4600:2344.561;4700:2344.561;4800:2344.561;4900:2344.561;5000:2344.561;5100:2344.561;5200:2344.561;5300:2344.561;5400:2344.561;5500:2344.561;5600:2344.561;5700:2344.561;5800:2344.561;5900:2344.561;6000:2344.561;6100:2344.561;6200:2344.561;6300:2344.561;6400:2344.561;6500:2344.561;6600:2344.561;6700:2344.561
ILSHADE,F10,3373.45,626.114,1:5599.817;100:3373.45;200:3373.45;300:3373.45;400:3373.45;500:3373.45;600:3373.45;700:3373.45;800:3373.45;900:3373.45;1000:3373.45;1100:3373.45;1200:3373.45;1300:3373.45;1400:3373.45;1500:3373.45;1600:3373.45;1700:3373.45;1800:3373.45;1900:3373.45;2000:3373.45;2100:3373.45;2200:3373.45;2300:3373.45;2400:3373.45;2500:3373.45;2600:3373.45;2700:3373.45;2800:3373.45;2900:3373.45;3000:3373.45;3100:3373.45;3200:3373.45;3300:3373.45;3400:3373.45;3500:3373.45;3600:3373.45;3700:3373.45;3800:3373.45;3900:3373.45;4000:3373.45;4100:3373.45;4200:3373.45;4300:3373.45;4400:3373.45;4500:3373.45;4600:3373.45;4700:3373.45;4800:3373.45;4900:3373.45;5000:3373.45;5100:3373.45;5200:3373.45;5300:3373.45;5400:3373.45;5500:3373.45;5600:3373.45;5700:3373.45;5800:3373.45;5900:3373.45;6000:3373.45;6100:3373.45;6200:3373.45;6300:3373.45;6400:3373.45;6500:3373.45;6600:3373.45;6700:3373.45
ILSHADE,F11,2600,0,1:6159.648;100:2600.019;200:2600.0;300:2600.0;400:2600.0;500:2600.0;600:2600.0;700:2600.0;800:2600.0;900:2600.0;1000:2600.0;1100:2600.0;1200:2600.0;1300:2600.0;1400:2600.0;1500:2600.0;1600:2600.0;1700:2600.0;1800:2600.0;1900:2600.0;2000:2600.0;2100:2600.0;2200:2600.0;2300:2600.0;2400:2600.0;2500:2600.0;2600:2600.0;2700:2600.0;2800:2600.0;2900:2600.0;3000:2600.0;3100:2600.0;3200:2600.0;3300:2600.0;3400:2600.0;3500:2600.0;3600:2600.0;3700:2600.0;3800:2600.0;3900:2600.0;4000:2600.0;4100:2600.0;4200:2600.0;4300:2600.0;4400:2600.0;4500:2600.0;4600:2600.0;4700:2600.0;4800:2600.0;4900:2600.0;5000:2600.0;5100:2600.0;5200:2600.0;5300:2600.0;5400:2600.0;5500:2600.0;5600:2600.0;5700:2600.0;5800:2600.0;5900:2600.0;6000:2600.0;6100:2600.0;6200:2600.0;6300:2600.0;6400:2600.0;6500:2600.0;6600:2600.0;6700:2600.0
ILSHADE,F12,3057.797,382.493,1:5243.608;100:3098.972;200:3057.807;300:3057.797;400:3057.797;500:3057.797;600:3057.797;700:3057.797;800:3057.797;900:3057.797;1000:3057.797;1100:3057.797;1200:3057.797;1300:3057.797;1400:3057.797;1500:3057.797;1600:3057.797;1700:3057.797;1800:3057.797;1900:3057.797;2000:3057.797;2100:3057.797;2200:3057.797;2300:3057.797;2400:3057.797;2500:3057.797;2600:3057.797;2700:3057.797;2800:3057.797;2900:3057.797;3000:3057.797;3100:3057.797;3200:3057.797;3300:3057.797;3400:3057.797;3500:3057.797;3600:3057.797;3700:3057.797;3800:3057.797;3900:3057.797;4000:3057.797;4100:3057.797;4200:3057.797;4300:3057.797;4400:3057.797;4500:3057.797;4600:3057.797;4700:3057.797;4800:3057.797;4900:3057.797;5000:3057.797;5100:3057.797;5200:3057.797;5300:3057.797;5400:3057.797;5500:3057.797;5600:3057.797;5700:3057.797;5800:3057.797;5900:3057.797;6000:3057.797;6100:3057.797;6200:3057.797;6300:3057.797;6400:3057.797;6500:3057.797;6600:3057.797;6700:3057.797
JSO,F1,300,0,1:20406.725;100:396.186;200:300.0;300:300.0;400:300.0;500:300.0;600:300.0;700:300.0;800:300.0;900:300.0;1000:300.0;1100:300.0;1200:300.0;1300:300.0;1400:300.0;1500:300.0;1600:300.0;1700:300.0;1800:300.0;1900:300.0;2000:300.0;2100:300.0;2200:300.0;2300:300.0;2400:300.0;2500:300.0;2600:300.0;2700:300.0;2800:300.0;2900:300.0;3000:300.0;3100:300.0;3200:300.0;3300:300.0;3400:300.0;3500:300.0;3600:300.0;3700:300.0;3800:300.0;3900:300.0;4000:300.0;4100:300.0;4200:300.0;4300:300.0;4400:300.0;4500:300.0;4600:300.0;4700:300.0;4800:300.0;4900:300.0;5000:300.0;5100:300.0;5200:300.0;5300:300.0;5400:300.0;5500:300.0;5600:300.0;5700:300.0;5800:300.0;5900:300.0;6000:300.0;6100:300.0;6200:300.0;6300:300.0;6400:300.0;6500:300.0;6600:300.0;6700:300.0
JSO,F2,401.29,2.806,1:10423.671;100:414.623;200:401.29;300:401.29;400:401.29;500:401.29;600:401.29;700:401.29;800:401.29;900:401.29;1000:401.29;1100:401.29;1200:401.29;1300:401.29;1400:401.29;1500:401.29;1600:401.29;1700:401.29;1800:401.29;1900:401.29;2000:401.29;2100:401.29;2200:401.29;2300:401.29;2400:401.29;2500:401.29;2600:401.29;2700:401.29;2800:401.29;2900:401.29;3000:401.29;3100:401.29;3200:401.29;3300:401.29;3400:401.29;3500:401.29;3600:401.29;3700:401.29;3800:401.29;3900:401.29;4000:401.29;4100:401.29;4200:401.29;4300:401.29;4400:401.29;4500:401.29;4600:401.29;4700:401.29;4800:401.29;4900:401.29;5000:401.29;5100:401.29;5200:401.29;5300:401.29;5400:401.29;5500:401.29;5600:401.29;5700:401.29;5800:401.29;5900:401.29;6000:401.29;6100:401.29;6200:401.29;6300:401.29;6400:401.29;6500:401.29;6600:401.29;6700:401.29
JSO,F3,600,0,1:601.062;100:600.003;200:600.0;300:600.0;400:600.0;500:600.0;600:600.0;700:600.0;800:600.0;900:600.0;1000:600.0;1100:600.0;1200:600.0;1300:600.0;1400:600.0;1500:600.0;1600:600.0;1700:600.0;1800:600.0;1900:600.0;2000:600.0;2100:600.0;2200:600.0;2300:600.0;2400:600.0;2500:600.0;2600:600.0;2700:600.0;2800:600.0;2900:600.0;3000:600.0;3100:600.0;3200:600.0;3300:600.0;3400:600.0;3500:600.0;3600:600.0;3700:600.0;3800:600.0;3900:600.0;4000:600.0;4100:600.0;4200:600.0;4300:600.0;4400:600.0;4500:600.0;4600:600.0;4700:600.0;4800:600.0;4900:600.0;5000:600.0;5100:600.0;5200:600.0;5300:600.0;5400:600.0;5500:600.0;5600:600.0;5700:600.0;5800:600.0;5900:600.0;6000:600.0;6100:600.0;6200:600.0;6300:600.0;6400:600.0;6500:600.0;6600:600.0;6700:600.0
JSO,F4,856.6,3.105,1:1037.348;100:856.6;200:856.6;300:856.6;400:856.6;500:856.6;600:856.6;700:856.6;800:856.6;900:856.6;1000:856.6;1100:856.6;1200:856.6;1300:856.6;1400:856.6;1500:856.6;1600:856.6;1700:856.6;1800:856.6;1900:856.6;2000:856.6;2100:856.6;2200:856.6;2300:856.6;2400:856.6;2500:856.6;2600:856.6;2700:856.6;2800:856.6;2900:856.6;3000:856.6;3100:856.6;3200:856.6;3300:856.6;3400:856.6;3500:856.6;3600:856.6;3700:856.6;3800:856.6;3900:856.6;4000:856.6;4100:856.6;4200:856.6;4300:856.6;4400:856.6;4500:856.6;4600:856.6;4700:856.6;4800:856.6;4900:856.6;5000:856.6;5100:856.6;5200:856.6;5300:856.6;5400:856.6;5500:856.6;5600:856.6;5700:856.6;5800:856.6;5900:856.6;6000:856.6;6100:856.6;6200:856.6;6300:856.6;6400:856.6;6500:856.6;6600:856.6;6700:856.6
JSO,F5,900.943,0.398,1:908.236;100:900.943;200:900.943;300:900.943;400:900.943;500:900.943;600:900.943;700:900.943;800:900.943;900:900.943;1000:900.943;1100:900.943;1200:900.943;1300:900.943;1400:900.943;1500:900.943;1600:900.943;1700:900.943;1800:900.943;1900:900.943;2000:900.943;2100:900.943;2200:900.943;2300:900.943;2400:900.943;2500:900.943;2600:900.943;2700:900.943;2800:900.943;2900:900.943;3000:900.943;3100:900.943;3200:900.943;3300:900.943;3400:900.943;3500:900.943;3600:900.943;3700:900.943;3800:900.943;3900:900.943;4000:900.943;4100:900.943;4200:900.943;4300:900.943;4400:900.943;4500:900.943;4600:900.943;4700:900.943;4800:900.943;4900:900.943;5000:900.943;5100:900.943;5200:900.943;5300:900.943;5400:900.943;5500:900.943;5600:900.943;5700:900.943;5800:900.943;5900:900.943;6000:900.943;6100:900.943;6200:900.943;6300:900.943;6400:900.943;6500:900.943;6600:900.943;6700:900.943
JSO,F6,1800.241,0.143,1:9098540471.443;100:16843.117;200:1805.372;300:1800.798;400:1800.463;500:1800.41;600:1800.377;700:1800.361;800:1800.341;900:1800.328;1000:1800.323;1100:1800.321;1200:1800.315;1300:1800.311;1400:1800.304;1500:1800.295;1600:1800.289;1700:1800.283;1800:1800.275;1900:1800.271;2000:1800.268;2100:1800.263;2200:1800.261;2300:1800.258;2400:1800.255;2500:1800.255;2600:1800.253;2700:1800.252;2800:1800.251;2900:1800.251;3000:1800.249;3100:1800.248;3200:1800.248;3300:1800.248;3400:1800.247;3500:1800.246;3600:1800.246;3700:1800.246;3800:1800.245;3900:1800.245;4000:1800.245;4100:1800.244;4200:1800.242;4300:1800.241;4400:1800.241;4500:1800.241;4600:1800.241;4700:1800.241;4800:1800.241;4900:1800.241;5000:1800.241;5100:1800.241;5200:1800.241;5300:1800.241;5400:1800.241;5500:1800.241;5600:1800.241;5700:1800.241;5800:1800.241;5900:1800.241;6000:1800.241;6100:1800.241;6200:1800.241;6300:1800.241;6400:1800.241;6500:1800.241;6600:1800.241;6700:1800.241
JSO,F7,2020.217,0.196,1:7549.806;100:2037.583;200:2027.931;300:2026.052;400:2025.247;500:2024.454;600:2023.873;700:2023.429;800:2022.969;900:2022.5;1000:2022.363;1100:2022.099;1200:2021.864;1300:2021.767;1400:2021.696;1500:2021.578;1600:2021.4;1700:2021.335;1800:2021.298;1900:2021.206;2000:2021.109;2100:2021.082;2200:2021.062;2300:2021.019;2400:2020.978;2500:2020.956;2600:2020.929;2700:2020.816;2800:2020.778;2900:2020.744;3000:2020.708;3100:2020.694;3200:2020.672;3300:2020.648;3400:2020.64;3500:2020.64;3600:2020.619;3700:2020.58;3800:2020.568;3900:2020.55;4000:2020.518;4100:2020.505;4200:2020.398;4300:2020.276;4400:2020.263;4500:2020.248;4600:2020.234;4700:2020.234;4800:2020.228;4900:2020.228;5000:2020.228;5100:2020.228;5200:2020.228;5300:2020.227;5400:2020.226;5500:2020.218;5600:2020.217;5700:2020.217;5800:2020.217;5900:2020.217;6000:2020.217;6100:2020.217;6200:2020.217;6300:2020.217;6400:2020.217;6500:2020.217;6600:2020.217;6700:2020.217
JSO,F8,2206.792,9.398,1:1.3073529161170283e+17;100:2229.527;200:2219.64;300:2216.619;400:2215.123;500:2213.455;600:2211.76;700:2211.27;800:2211.085;900:2210.545;1000:2210.311;1100:2210.047;1200:2209.805;1300:2209.428;1400:2209.324;1500:2209.099;1600:2208.927;1700:2208.781;1800:2208.663;1900:2208.648;2000:2208.549;2100:2208.43;2200:2208.426;2300:2208.333;2400:2208.297;2500:2208.288;2600:2208.182;2700:2208.182;2800:2208.144;2900:2208.113;3000:2207.978;3100:2207.95;3200:2207.949;3300:2207.897;3400:2207.844;3500:2207.837;3600:2207.836;3700:2207.834;3800:2207.788;3900:2207.788;4000:2207.763;4100:2207.748;4200:2207.673;4300:2207.48;4400:2207.198;4500:2207.022;4600:2206.855;4700:2206.811;4800:2206.811;4900:2206.811;5000:2206.802;5100:2206.802;5200:2206.802;5300:2206.802;5400:2206.802;5500:2206.792;5600:2206.792;5700:2206.792;5800:2206.792;5900:2206.792;6000:2206.792;6100:2206.792;6200:2206.792;6300:2206.792;6400:2206.792;6500:2206.792;6600:2206.792;6700:2206.792
JSO,F9,2425.031,192.289,1:8489.346;100:2429.286;200:2425.031;300:2425.031;400:2425.031;500:2425.031;600:2425.031;700:2425.031;800:2425.031;900:2425.031;1000:2425.031;1100:2425.031;1200:2425.031;1300:2425.031;1400:2425.031;1500:2425.031;1600:2425.031;1700:2425.031;1800:2425.031;1900:2425.031;2000:2425.031;2100:2425.031;2200:2425.031;2300:2425.031;2400:2425.031;2500:2425.031;2600:2425.031;2700:2425.031;2800:2425.031;2900:2425.031;3000:2425.031;3100:2425.031;3200:2425.031;3300:2425.031;3400:2425.031;3500:2425.031;3600:2425.031;3700:2425.031;3800:2425.031;3900:2425.031;4000:2425.031;4100:2425.031;4200:2425.031;4300:2425.031;4400:2425.031;4500:2425.031;4600:2425.031;4700:2425.031;4800:2425.031;4900:2425.031;5000:2425.031;5100:2425.031;5200:2425.031;5300:2425.031;5400:2425.031;5500:2425.031;5600:2425.031;5700:2425.031;5800:2425.031;5900:2425.031;6000:2425.031;6100:2425.031;6200:2425.031;6300:2425.031;6400:2425.031;6500:2425.031;6600:2425.031;6700:2425.031
JSO,F10,3618.521,474.864,1:5615.049;100:3618.599;200:3618.521;300:3618.521;400:3618.521;500:3618.521;600:3618.521;700:3618.521;800:3618.521;900:3618.521;1000:3618.521;1100:3618.521;1200:3618.521;1300:3618.521;1400:3618.521;1500:3618.521;1600:3618.521;1700:3618.521;1800:3618.521;1900:3618.521;2000:3618.521;2100:3618.521;2200:3618.521;2300:3618.521;2400:3618.521;2500:3618.521;2600:3618.521;2700:3618.521;2800:3618.521;2900:3618.521;3000:3618.521;3100:3618.521;3200:3618.521;3300:3618.521;3400:3618.521;3500:3618.521;3600:3618.521;3700:3618.521;3800:3618.521;3900:3618.521;4000:3618.521;4100:3618.521;4200:3618.521;4300:3618.521;4400:3618.521;4500:3618.521;4600:3618.521;4700:3618.521;4800:3618.521;4900:3618.521;5000:3618.521;5100:3618.521;5200:3618.521;5300:3618.521;5400:3618.521;5500:3618.521;5600:3618.521;5700:3618.521;5800:3618.521;5900:3618.521;6000:3618.521;6100:3618.521;6200:3618.521;6300:3618.521;6400:3618.521;6500:3618.521;6600:3618.521;6700:3618.521
JSO,F11,2600,0,1:6163.033;100:2603.652;200:2600.001;300:2600.0;400:2600.0;500:2600.0;600:2600.0;700:2600.0;800:2600.0;900:2600.0;1000:2600.0;1100:2600.0;1200:2600.0;1300:2600.0;1400:2600.0;1500:2600.0;1600:2600.0;1700:2600.0;1800:2600.0;1900:2600.0;2000:2600.0;2100:2600.0;2200:2600.0;2300:2600.0;2400:2600.0;2500:2600.0;2600:2600.0;2700:2600.0;2800:2600.0;2900:2600.0;3000:2600.0;3100:2600.0;3200:2600.0;3300:2600.0;3400:2600.0;3500:2600.0;3600:2600.0;3700:2600.0;3800:2600.0;3900:2600.0;4000:2600.0;4100:2600.0;4200:2600.0;4300:2600.0;4400:2600.0;4500:2600.0;4600:2600.0;4700:2600.0;4800:2600.0;4900:2600.0;5000:2600.0;5100:2600.0;5200:2600.0;5300:2600.0;5400:2600.0;5500:2600.0;5600:2600.0;5700:2600.0;5800:2600.0;5900:2600.0;6000:2600.0;6100:2600.0;6200:2600.0;6300:2600.0;6400:2600.0;6500:2600.0;6600:2600.0;6700:2600.0
JSO,F12,2867.805,2.043,1:5235.461;100:3720.333;200:2887.993;300:2867.985;400:2867.806;500:2867.805;600:2867.805;700:2867.805;800:2867.805;900:2867.805;1000:2867.805;1100:2867.805;1200:2867.805;1300:2867.805;1400:2867.805;1500:2867.805;1600:2867.805;1700:2867.805;1800:2867.805;1900:2867.805;2000:2867.805;2100:2867.805;2200:2867.805;2300:2867.805;2400:2867.805;2500:2867.805;2600:2867.805;2700:2867.805;2800:2867.805;2900:2867.805;3000:2867.805;3100:2867.805;3200:2867.805;3300:2867.805;3400:2867.805;3500:2867.805;3600:2867.805;3700:2867.805;3800:2867.805;3900:2867.805;4000:2867.805;4100:2867.805;4200:2867.805;4300:2867.805;4400:2867.805;4500:2867.805;4600:2867.805;4700:2867.805;4800:2867.805;4900:2867.805;5000:2867.805;5100:2867.805;5200:2867.805;5300:2867.805;5400:2867.805;5500:2867.805;5600:2867.805;5700:2867.805;5800:2867.805;5900:2867.805;6000:2867.805;6100:2867.805;6200:2867.805;6300:2867.805;6400:2867.805;6500:2867.805;6600:2867.805;6700:2867.805
MPEDE,F1,300,0,100:372.015;200:300.168;300:300.0;400:300.0;500:300.0;600:300.0;700:300.0;800:300.0;900:300.0;1000:300.0;1100:300.0;1200:300.0;1300:300.0;1400:300.0;1500:300.0;1600:300.0;1700:300.0;1800:300.0;1900:300.0;2000:300.0
MPEDE,F2,404.762,3.726,100:420.225;200:406.54;300:405.56;400:405.25;500:405.01;600:404.806;700:404.763;800:404.762;900:404.762;1000:404.762;1100:404.762;1200:404.762;1300:404.762;1400:404.762;1500:404.762;1600:404.762;1700:404.762;1800:404.762;1900:404.762;2000:404.762
MPEDE,F3,600,0,100:600.001;200:600.0;300:600.0;400:600.0;500:600.0;600:600.0;700:600.0;800:600.0;900:600.0;1000:600.0;1100:600.0;1200:600.0;1300:600.0;1400:600.0;1500:600.0;1600:600.0;1700:600.0;1800:600.0;1900:600.0;2000:600.0
MPEDE,F4,821.6,8.8,100:842.247;200:832.543;300:828.243;400:825.117;500:823.839;600:823.131;700:822.94;800:822.471;900:822.379;1000:822.221;1100:822.209;1200:822.204;1300:822.202;1400:821.938;1500:821.913;1600:821.625;1700:821.602;1800:821.6;1900:821.6;2000:821.6
MPEDE,F5,900,0,100:900.101;200:900.003;300:900.0;400:900.0;500:900.0;600:900.0;700:900.0;800:900.0;900:900.0;1000:900.0;1100:900.0;1200:900.0;1300:900.0;1400:900.0;1500:900.0;1600:900.0;1700:900.0;1800:900.0;1900:900.0;2000:900.0
MPEDE,F6,1800.299,0.125,100:116978.221;200:12264.144;300:2309.172;400:1894.395;500:1823.473;600:1807.827;700:1802.707;800:1801.571;900:1801.287;1000:1800.759;1100:1800.688;1200:1800.528;1300:1800.447;1400:1800.441;1500:1800.367;1600:1800.345;1700:1800.33;1800:1800.32;1900:1800.303;2000:1800.299
MPEDE,F7,2001.515,1.536,100:2053.913;200:2032.628;300:2025.38;400:2022.07;500:2020.962;600:2018.38;700:2016.75;800:2015.139;900:2013.82;1000:2012.453;1100:2011.169;1200:2008.678;1300:2007.061;1400:2005.788;1500:2004.449;1600:2003.644;1700:2003.212;1800:2002.558;1900:2001.856;2000:2001.515
MPEDE,F8,2203.455,6.148,100:2244.769;200:2227.911;300:2220.284;400:2216.801;500:2214.547;600:2213.464;700:2211.541;800:2209.898;900:2208.904;1000:2207.833;1100:2206.436;1200:2205.787;1300:2205.495;1400:2205.078;1500:2204.721;1600:2204.085;1700:2203.885;1800:2203.649;1900:2203.528;2000:2203.455
MPEDE,F9,2300,0,100:2367.464;200:2301.461;300:2300.029;400:2300.001;500:2300.0;600:2300.0;700:2300.0;800:2300.0;900:2300.0;1000:2300.0;1100:2300.0;1200:2300.0;1300:2300.0;1400:2300.0;1500:2300.0;1600:2300.0;1700:2300.0;1800:2300.0;1900:2300.0;2000:2300.0
MPEDE,F10,2677.089,45.902,100:2728.861;200:2702.979;300:2694.995;400:2683.189;500:2680.47;600:2679.147;700:2678.494;800:2678.115;900:2677.799;1000:2677.45;1100:2677.292;1200:2677.157;1300:2677.118;1400:2677.094;1500:2677.089;1600:2677.089;1700:2677.089;1800:2677.089;1900:2677.089;2000:2677.089
MPEDE,F11,2600,0,100:2603.502;200:2600.081;300:2600.003;400:2600.0;500:2600.0;600:2600.0;700:2600.0;800:2600.0;900:2600.0;1000:2600.0;1100:2600.0;1200:2600.0;1300:2600.0;1400:2600.0;1500:2600.0;1600:2600.0;1700:2600.0;1800:2600.0;1900:2600.0;2000:2600.0
MPEDE,F12,2864.324,0.405,100:2868.409;200:2866.05;300:2865.228;400:2864.73;500:2864.532;600:2864.456;700:2864.372;800:2864.336;900:2864.326;1000:2864.325;1100:2864.324;1200:2864.324;1300:2864.324;1400:2864.324;1500:2864.324;1600:2864.324;1700:2864.324;1800:2864.324;1900:2864.324;2000:2864.324
LSHADE,F1,300,0,1:18865.605;100:300.0;200:300.0;300:300.0;400:300.0;500:300.0;600:300.0;700:300.0;800:300.0;900:300.0;1000:300.0;1100:300.0;1200:300.0;1300:300.0;1400:300.0;1500:300.0;1600:300.0;1700:300.0;1800:300.0;1900:300.0;2000:300.0;2100:300.0;2200:300.0;2300:300.0;2400:300.0;2500:300.0;2600:300.0;2700:300.0;2800:300.0;2900:300.0;3000:300.0;3100:300.0;3200:300.0;3300:300.0;3400:300.0;3500:300.0;3600:300.0;3700:300.0;3800:300.0;3900:300.0;4000:300.0;4100:300.0;4200:300.0;4300:300.0;4400:300.0;4500:300.0;4600:300.0;4700:300.0;4800:300.0;4900:300.0;5000:300.0;5100:300.0;5200:300.0;5300:300.0;5400:300.0;5500:300.0;5600:300.0;5700:300.0;5800:300.0;5900:300.0;6000:300.0;6100:300.0;6200:300.0;6300:300.0;6400:300.0;6500:300.0;6600:300.0;6700:300.0
LSHADE,F2,406.053,3.077,1:10338.764;100:420.668;200:406.192;300:406.053;400:406.053;500:406.053;600:406.053;700:406.053;800:406.053;900:406.053;1000:406.053;1100:406.053;1200:406.053;1300:406.053;1400:406.053;1500:406.053;1600:406.053;1700:406.053;1800:406.053;1900:406.053;2000:406.053;2100:406.053;2200:406.053;2300:406.053;2400:406.053;2500:406.053;2600:406.053;2700:406.053;2800:406.053;2900:406.053;3000:406.053;3100:406.053;3200:406.053;3300:406.053;3400:406.053;3500:406.053;3600:406.053;3700:406.053;3800:406.053;3900:406.053;4000:406.053;4100:406.053;4200:406.053;4300:406.053;4400:406.053;4500:406.053;4600:406.053;4700:406.053;4800:406.053;4900:406.053;5000:406.053;5100:406.053;5200:406.053;5300:406.053;5400:406.053;5500:406.053;5600:406.053;5700:406.053;5800:406.053;5900:406.053;6000:406.053;6100:406.053;6200:406.053;6300:406.053;6400:406.053;6500:406.053;6600:406.053;6700:406.053
LSHADE,F3,600,0,1:601.06;100:600.0;200:600.0;300:600.0;400:600.0;500:600.0;600:600.0;700:600.0;800:600.0;900:600.0;1000:600.0;1100:600.0;1200:600.0;1300:600.0;1400:600.0;1500:600.0;1600:600.0;1700:600.0;1800:600.0;1900:600.0;2000:600.0;2100:600.0;2200:600.0;2300:600.0;2400:600.0;2500:600.0;2600:600.0;2700:600.0;2800:600.0;2900:600.0;3000:600.0;3100:600.0;3200:600.0;3300:600.0;3400:600.0;3500:600.0;3600:600.0;3700:600.0;3800:600.0;3900:600.0;4000:600.0;4100:600.0;4200:600.0;4300:600.0;4400:600.0;4500:600.0;4600:600.0;4700:600.0;4800:600.0;4900:600.0;5000:600.0;5100:600.0;5200:600.0;5300:600.0;5400:600.0;5500:600.0;5600:600.0;5700:600.0;5800:600.0;5900:600.0;6000:600.0;6100:600.0;6200:600.0;6300:600.0;6400:600.0;6500:600.0;6600:600.0;6700:600.0
LSHADE,F4,852.6,10.082,1:1034.845;100:854.872;200:853.883;300:853.719;400:853.649;500:853.609;600:853.601;700:853.6;800:853.6;900:852.601;1000:852.6;1100:852.6;1200:852.6;1300:852.6;1400:852.6;1500:852.6;1600:852.6;1700:852.6;1800:852.6;1900:852.6;2000:852.6;2100:852.6;2200:852.6;2300:852.6;2400:852.6;2500:852.6;2600:852.6;2700:852.6;2800:852.6;2900:852.6;3000:852.6;3100:852.6;3200:852.6;3300:852.6;3400:852.6;3500:852.6;3600:852.6;3700:852.6;3800:852.6;3900:852.6;4000:852.6;4100:852.6;4200:852.6;4300:852.6;4400:852.6;4500:852.6;4600:852.6;4700:852.6;4800:852.6;4900:852.6;5000:852.6;5100:852.6;5200:852.6;5300:852.6;5400:852.6;5500:852.6;5600:852.6;5700:852.6;5800:852.6;5900:852.6;6000:852.6;6100:852.6;6200:852.6;6300:852.6;6400:852.6;6500:852.6;6600:852.6;6700:852.6
LSHADE,F5,900.454,0.538,1:908.209;100:900.454;200:900.454;300:900.454;400:900.454;500:900.454;600:900.454;700:900.454;800:900.454;900:900.454;1000:900.454;1100:900.454;1200:900.454;1300:900.454;1400:900.454;1500:900.454;1600:900.454;1700:900.454;1800:900.454;1900:900.454;2000:900.454;2100:900.454;2200:900.454;2300:900.454;2400:900.454;2500:900.454;2600:900.454;2700:900.454;2800:900.454;2900:900.454;3000:900.454;3100:900.454;3200:900.454;3300:900.454;3400:900.454;3500:900.454;3600:900.454;3700:900.454;3800:900.454;3900:900.454;4000:900.454;4100:900.454;4200:900.454;4300:900.454;4400:900.454;4500:900.454;4600:900.454;4700:900.454;4800:900.454;4900:900.454;5000:900.454;5100:900.454;5200:900.454;5300:900.454;5400:900.454;5500:900.454;5600:900.454;5700:900.454;5800:900.454;5900:900.454;6000:900.454;6100:900.454;6200:900.454;6300:900.454;6400:900.454;6500:900.454;6600:900.454;6700:900.454
LSHADE,F6,7349.505,14123.122,1:8975803098.372;100:30363209.858;200:22634521.61;300:5587896.993;400:5051977.419;500:7368.421;600:7349.549;700:7349.533;800:7349.527;900:7349.525;1000:7349.523;1100:7349.523;1200:7349.517;1300:7349.515;1400:7349.515;1500:7349.514;1600:7349.513;1700:7349.513;1800:7349.513;1900:7349.512;2000:7349.512;2100:7349.512;2200:7349.512;2300:7349.512;2400:7349.511;2500:7349.511;2600:7349.511;2700:7349.511;2800:7349.511;2900:7349.508;3000:7349.508;3100:7349.508;3200:7349.508;3300:7349.508;3400:7349.508;3500:7349.508;3600:7349.508;3700:7349.508;3800:7349.508;3900:7349.508;4000:7349.508;4100:7349.508;4200:7349.507;4300:7349.506;4400:7349.506;4500:7349.506;4600:7349.506;4700:7349.506;4800:7349.506;4900:7349.506;5000:7349.506;5100:7349.506;5200:7349.506;5300:7349.506;5400:7349.506;5500:7349.506;5600:7349.506;5700:7349.506;5800:7349.506;5900:7349.506;6000:7349.506;6100:7349.506;6200:7349.506;6300:7349.506;6400:7349.505;6500:7349.505;6600:7349.505;6700:7349.505
LSHADE,F7,2014.523,30.452,1:7537.096;100:2069.681;200:2048.362;300:2044.976;400:2042.975;500:2041.171;600:2036.851;700:2034.634;800:2033.481;900:2033.198;1000:2032.297;1100:2031.824;1200:2031.57;1300:2030.801;1400:2030.263;1500:2029.703;1600:2029.535;1700:2029.431;1800:2029.266;1900:2028.891;2000:2028.744;2100:2028.702;2200:2028.66;2300:2028.282;2400:2027.806;2500:2025.076;2600:2024.776;2700:2022.803;2800:2022.698;2900:2022.566;3000:2022.308;3100:2021.205;3200:2021.057;3300:2020.995;3400:2020.979;3500:2020.799;3600:2020.513;3700:2020.511;3800:2018.833;3900:2018.746;4000:2018.74;4100:2018.719;4200:2018.646;4300:2018.618;4400:2018.611;4500:2018.571;4600:2018.547;4700:2018.539;4800:2018.536;4900:2018.536;5000:2018.532;5100:2014.622;5200:2014.615;5300:2014.603;5400:2014.599;5500:2014.589;5600:2014.588;5700:2014.583;5800:2014.578;5900:2014.567;6000:2014.554;6100:2014.545;6200:2014.542;6300:2014.538;6400:2014.535;6500:2014.534;6600:2014.529;6700:2014.528
LSHADE,F8,2200.436,0.174,1:1.2469312017574416e+17;100:2238.645;200:2213.1;300:2209.079;400:2205.968;500:2204.655;600:2203.846;700:2203.173;800:2202.625;900:2202.423;1000:2202.088;1100:2201.966;1200:2201.854;1300:2201.721;1400:2201.618;1500:2201.575;1600:2201.438;1700:2201.396;1800:2201.313;1900:2201.25;2000:2201.151;2100:2201.034;2200:2200.981;2300:2200.966;2400:2200.955;2500:2200.944;2600:2200.916;2700:2200.895;2800:2200.861;2900:2200.84;3000:2200.822;3100:2200.778;3200:2200.77;3300:2200.734;3400:2200.726;3500:2200.718;3600:2200.717;3700:2200.708;3800:2200.698;3900:2200.665;4000:2200.665;4100:2200.662;4200:2200.657;4300:2200.636;4400:2200.635;4500:2200.63;4600:2200.608;4700:2200.576;4800:2200.565;4900:2200.558;5000:2200.555;5100:2200.546;5200:2200.534;5300:2200.511;5400:2200.511;5500:2200.475;5600:2200.47;5700:2200.467;5800:2200.464;5900:2200.464;6000:2200.464;6100:2200.463;6200:2200.461;6300:2200.44;6400:2200.438;6500:2200.438;6600:2200.438;6700:2200.436
LSHADE,F9,2637.459,115.368,1:8284.746;100:2678.451;200:2662.183;300:2652.847;400:2652.091;500:2649.339;600:2637.585;700:2637.459;800:2637.459;900:2637.459;1000:2637.459;1100:2637.459;1200:2637.459;1300:2637.459;1400:2637.459;1500:2637.459;1600:2637.459;1700:2637.459;1800:2637.459;1900:2637.459;2000:2637.459;2100:2637.459;2200:2637.459;2300:2637.459;2400:2637.459;2500:2637.459;2600:2637.459;2700:2637.459;2800:2637.459;2900:2637.459;3000:2637.459;3100:2637.459;3200:2637.459;3300:2637.459;3400:2637.459;3500:2637.459;3600:2637.459;3700:2637.459;3800:2637.459;3900:2637.459;4000:2637.459;4100:2637.459;4200:2637.459;4300:2637.459;4400:2637.459;4500:2637.459;4600:2637.459;4700:2637.459;4800:2637.459;4900:2637.459;5000:2637.459;5100:2637.459;5200:2637.459;5300:2637.459;5400:2637.459;5500:2637.459;5600:2637.459;5700:2637.459;5800:2637.459;5900:2637.459;6000:2637.459;6100:2637.459;6200:2637.459;6300:2637.459;6400:2637.459;6500:2637.459;6600:2637.459;6700:2637.459
LSHADE,F10,2709.681,29.897,1:5588.469;100:2727.58;200:2711.523;300:2709.709;400:2709.681;500:2709.681;600:2709.681;700:2709.681;800:2709.681;900:2709.681;1000:2709.681;1100:2709.681;1200:2709.681;1300:2709.681;1400:2709.681;1500:2709.681;1600:2709.681;1700:2709.681;1800:2709.681;1900:2709.681;2000:2709.681;2100:2709.681;2200:2709.681;2300:2709.681;2400:2709.681;2500:2709.681;2600:2709.681;2700:2709.681;2800:2709.681;2900:2709.681;3000:2709.681;3100:2709.681;3200:2709.681;3300:2709.681;3400:2709.681;3500:2709.681;3600:2709.681;3700:2709.681;3800:2709.681;3900:2709.681;4000:2709.681;4100:2709.681;4200:2709.681;4300:2709.681;4400:2709.681;4500:2709.681;4600:2709.681;4700:2709.681;4800:2709.681;4900:2709.681;5000:2709.681;5100:2709.681;5200:2709.681;5300:2709.681;5400:2709.681;5500:2709.681;5600:2709.681;5700:2709.681;5800:2709.681;5900:2709.681;6000:2709.681;6100:2709.681;6200:2709.681;6300:2709.681;6400:2709.681;6500:2709.681;6600:2709.681;6700:2709.681
LSHADE,F11,2600,0,1:6127.261;100:2604.451;200:2602.115;300:2601.215;400:2600.0;500:2600.0;600:2600.0;700:2600.0;800:2600.0;900:2600.0;1000:2600.0;1100:2600.0;1200:2600.0;1300:2600.0;1400:2600.0;1500:2600.0;1600:2600.0;1700:2600.0;1800:2600.0;1900:2600.0;2000:2600.0;2100:2600.0;2200:2600.0;2300:2600.0;2400:2600.0;2500:2600.0;2600:2600.0;2700:2600.0;2800:2600.0;2900:2600.0;3000:2600.0;3100:2600.0;3200:2600.0;3300:2600.0;3400:2600.0;3500:2600.0;3600:2600.0;3700:2600.0;3800:2600.0;3900:2600.0;4000:2600.0;4100:2600.0;4200:2600.0;4300:2600.0;4400:2600.0;4500:2600.0;4600:2600.0;4700:2600.0;4800:2600.0;4900:2600.0;5000:2600.0;5100:2600.0;5200:2600.0;5300:2600.0;5400:2600.0;5500:2600.0;5600:2600.0;5700:2600.0;5800:2600.0;5900:2600.0;6000:2600.0;6100:2600.0;6200:2600.0;6300:2600.0;6400:2600.0;6500:2600.0;6600:2600.0;6700:2600.0
LSHADE,F12,2868.24,2.214,1:5231.511;100:2872.005;200:2869.483;300:2868.24;400:2868.24;500:2868.24;600:2868.24;700:2868.24;800:2868.24;900:2868.24;1000:2868.24;1100:2868.24;1200:2868.24;1300:2868.24;1400:2868.24;1500:2868.24;1600:2868.24;1700:2868.24;1800:2868.24;1900:2868.24;2000:2868.24;2100:2868.24;2200:2868.24;2300:2868.24;2400:2868.24;2500:2868.24;2600:2868.24;2700:2868.24;2800:2868.24;2900:2868.24;3000:2868.24;3100:2868.24;3200:2868.24;3300:2868.24;3400:2868.24;3500:2868.24;3600:2868.24;3700:2868.24;3800:2868.24;3900:2868.24;4000:2868.24;4100:2868.24;4200:2868.24;4300:2868.24;4400:2868.24;4500:2868.24;4600:2868.24;4700:2868.24;4800:2868.24;4900:2868.24;5000:2868.24;5100:2868.24;5200:2868.24;5300:2868.24;5400:2868.24;5500:2868.24;5600:2868.24;5700:2868.24;5800:2868.24;5900:2868.24;6000:2868.24;6100:2868.24;6200:2868.24;6300:2868.24;6400:2868.24;6500:2868.24;6600:2868.24;6700:2868.24
RL-DE,F1,300,0,0:18787.6;100:300.0;200:300.0;300:300.0;400:300.0;500:300.0;600:300.0;700:300.0;800:300.0;900:300.0;1000:300.0;1100:300.0;1200:300.0;1300:300.0;1400:300.0;1500:300.0;1600:300.0;1700:300.0;1800:300.0;1900:300.0;2000:300.0
RL-DE,F2,406.451,2.465,0:1536.5;100:406.6;200:406.5;300:406.5;400:406.5;500:406.5;600:406.5;700:406.5;800:406.5;900:406.5;1000:406.5;1100:406.5;1200:406.5;1300:406.5;1400:406.5;1500:406.5;1600:406.5;1700:406.5;1800:406.5;1900:406.5;2000:406.5
RL-DE,F3,600,0,0:600.2;100:600.0;200:600.0;300:600.0;400:600.0;500:600.0;600:600.0;700:600.0;800:600.0;900:600.0;1000:600.0;1100:600.0;1200:600.0;1300:600.0;1400:600.0;1500:600.0;1600:600.0;1700:600.0;1800:600.0;1900:600.0;2000:600.0
RL-DE,F4,824.8,6.274,0:961.6;100:853.8;200:841.5;300:836.8;400:834.9;500:832.7;600:830.7;700:826.7;800:824.9;900:824.8;1000:824.8;1100:824.8;1200:824.8;1300:824.8;1400:824.8;1500:824.8;1600:824.8;1700:824.8;1800:824.8;1900:824.8;2000:824.8
RL-DE,F5,900,0,0:905.2;100:900.0;200:900.0;300:900.0;400:900.0;500:900.0;600:900.0;700:900.0;800:900.0;900:900.0;1000:900.0;1100:900.0;1200:900.0;1300:900.0;1400:900.0;1500:900.0;1600:900.0;1700:900.0;1800:900.0;1900:900.0;2000:900.0
RL-DE,F6,1800.467,0.357,0:116785842.5;100:1805.6;200:1800.4;300:1800.1;400:1800.1;500:1800.1;600:1800.1;700:1800.1;800:1800.1;900:1800.1;1000:1800.1;1100:1800.1;1200:1800.1;1300:1800.1;1400:1800.1;1500:1800.1;1600:1800.1;1700:1800.1;1800:1800.1;1900:1800.1;2000:1800.1
RL-DE,F7,2008.35,9.932,0:2857.1;100:2036.2;200:2030.3;300:2027.1;400:2025.1;500:2022.8;600:2022.2;700:2020.7;800:2019.6;900:2016.7;1000:2014.6;1100:2012.3;1200:2011.2;1300:2010.7;1400:2010.2;1500:2008.8;1600:2008.8;1700:2008.6;1800:2008.6;1900:2008.3;2000:2008.3
RL-DE,F8,2202.346,6.203,0:2200706429.9;100:2215.0;200:2209.4;300:2205.9;400:2205.0;500:2204.1;600:2204.0;700:2203.6;800:2203.5;900:2203.2;1000:2203.0;1100:2202.9;1200:2202.9;1300:2202.6;1400:2202.6;1500:2202.5;1600:2202.5;1700:2202.4;1800:2202.4;1900:2202.2;2000:2202.2
RL-DE,F9,2335.909,107.728,0:3486.9;100:2335.9;200:2335.9;300:2335.9;400:2335.9;500:2335.9;600:2335.9;700:2335.9;800:2335.9;900:2335.9;1000:2335.9;1100:2335.9;1200:2335.9;1300:2335.9;1400:2335.9;1500:2335.9;1600:2335.9;1700:2335.9;1800:2335.9;1900:2335.9;2000:2335.9
RL-DE,F10,2621.311,0.678,0:2878.4;100:2621.3;200:2621.3;300:2621.3;400:2621.3;500:2621.3;600:2621.3;700:2621.3;800:2621.3;900:2621.3;1000:2621.3;1100:2621.3;1200:2621.3;1300:2621.3;1400:2621.3;1500:2621.3;1600:2621.3;1700:2621.3;1800:2621.3;1900:2621.3;2000:2621.3
RL-DE,F11,2600,0,0:3311.6;100:2600.0;200:2600.0;300:2600.0;400:2600.0;500:2600.0;600:2600.0;700:2600.0;800:2600.0;900:2600.0;1000:2600.0;1100:2600.0;1200:2600.0;1300:2600.0;1400:2600.0;1500:2600.0;1600:2600.0;1700:2600.0;1800:2600.0;1900:2600.0;2000:2600.0
RL-DE,F12,2864.998,0.755,0:3108.6;100:2864.8;200:2864.8;300:2864.8;400:2864.8;500:2864.8;600:2864.8;700:2864.8;800:2864.8;900:2864.8;1000:2864.8;1100:2864.8;1200:2864.8;1300:2864.8;1400:2864.8;1500:2864.8;1600:2864.8;1700:2864.8;1800:2864.8;1900:2864.8;2000:2864.8
